,yhat,y,ds,job_family
0,46.576000773217814,44.0,2018-01-01,DC1000
1,86.86881495644087,77.0,2018-01-02,DC1000
2,133.55887995597885,94.0,2018-01-03,DC1000
3,91.39569638497686,102.0,2018-01-04,DC1000
4,106.57280520720856,108.0,2018-01-05,DC1000
5,85.96586189633085,82.0,2018-01-06,DC1000
6,72.02119628287814,66.0,2018-01-07,DC1000
7,104.24319549142557,90.0,2018-01-08,DC1000
8,93.08511526635787,89.0,2018-01-09,DC1000
9,135.08980274602442,121.0,2018-01-10,DC1000
10,91.3720289926395,70.0,2018-01-11,DC1000
11,105.31441411673256,110.0,2018-01-12,DC1000
12,78.54322021632049,68.0,2018-01-13,DC1000
13,68.09246167102499,102.0,2018-01-14,DC1000
14,95.20592862734246,101.0,2018-01-15,DC1000
15,88.87884951517391,84.0,2018-01-16,DC1000
16,136.9126944068326,121.0,2018-01-17,DC1000
17,99.29587776924379,78.0,2018-01-18,DC1000
18,115.607430332263,96.0,2018-01-19,DC1000
19,83.18268424444001,72.0,2018-01-20,DC1000
20,75.11812095444692,63.0,2018-01-21,DC1000
21,97.9938526692356,82.0,2018-01-22,DC1000
22,90.35512428506264,116.0,2018-01-23,DC1000
23,133.79092702693777,140.0,2018-01-24,DC1000
24,97.91380733788628,84.0,2018-01-25,DC1000
25,112.20983234649367,128.0,2018-01-26,DC1000
26,80.70155584143141,76.0,2018-01-27,DC1000
27,71.44338011160413,61.0,2018-01-28,DC1000
28,100.3661468197542,88.0,2018-01-29,DC1000
29,90.2301048479302,83.0,2018-01-30,DC1000
30,134.35929303002916,136.0,2018-01-31,DC1000
31,87.56691371287849,97.0,2018-02-01,DC1000
32,105.08390794756494,88.0,2018-02-02,DC1000
33,74.39431677585671,75.0,2018-02-03,DC1000
34,66.02654028240362,78.0,2018-02-04,DC1000
35,96.51137675196941,91.0,2018-02-05,DC1000
36,86.16828442245225,64.0,2018-02-06,DC1000
37,124.9636576505144,110.0,2018-02-07,DC1000
38,90.00351651182278,106.0,2018-02-08,DC1000
39,97.43142327132924,112.0,2018-02-09,DC1000
40,67.71686335785695,54.0,2018-02-10,DC1000
41,58.828689399492944,41.0,2018-02-11,DC1000
42,37.846034555171435,26.0,2018-02-12,DC1000
43,84.39448501504673,55.0,2018-02-13,DC1000
44,128.47025853403812,126.0,2018-02-14,DC1000
45,87.34432848029402,103.0,2018-02-15,DC1000
46,102.32195543776794,110.0,2018-02-16,DC1000
47,79.24738426756183,81.0,2018-02-17,DC1000
48,71.51128772849731,108.0,2018-02-18,DC1000
49,100.08916974910656,84.0,2018-02-19,DC1000
50,93.4051914547274,72.0,2018-02-20,DC1000
51,135.02126176371894,123.0,2018-02-21,DC1000
52,99.86864417254571,89.0,2018-02-22,DC1000
53,104.31298602575164,138.0,2018-02-23,DC1000
54,79.50655434382126,96.0,2018-02-24,DC1000
55,75.01022703560564,65.0,2018-02-25,DC1000
56,94.69241206636505,101.0,2018-02-26,DC1000
57,89.8919624657715,92.0,2018-02-27,DC1000
58,132.5381655116422,138.0,2018-02-28,DC1000
59,86.86197227659065,80.0,2018-03-01,DC1000
60,95.94580598412236,92.0,2018-03-02,DC1000
61,67.53460092679013,70.0,2018-03-03,DC1000
62,61.35578466891867,72.0,2018-03-04,DC1000
63,99.12722331383834,102.0,2018-03-05,DC1000
64,89.51039913062483,97.0,2018-03-06,DC1000
65,131.7545607958828,146.0,2018-03-07,DC1000
66,95.1617265954775,96.0,2018-03-08,DC1000
67,102.45426443029885,109.0,2018-03-09,DC1000
68,74.11477585330256,124.0,2018-03-10,DC1000
69,64.01468879488604,97.0,2018-03-11,DC1000
70,102.39950949723192,112.0,2018-03-12,DC1000
71,100.47337992820385,153.0,2018-03-13,DC1000
72,145.92398108609734,165.0,2018-03-14,DC1000
73,98.58504170637396,131.0,2018-03-15,DC1000
74,113.71597196829481,135.0,2018-03-16,DC1000
75,86.60208656440734,108.0,2018-03-17,DC1000
76,76.31953317765762,100.0,2018-03-18,DC1000
77,95.52852203037213,112.0,2018-03-19,DC1000
78,91.22498777918231,100.0,2018-03-20,DC1000
79,128.90667938820218,123.0,2018-03-21,DC1000
80,98.75736104089144,109.0,2018-03-22,DC1000
81,107.6113019683218,125.0,2018-03-23,DC1000
82,78.29675987244059,86.0,2018-03-24,DC1000
83,68.31881195132713,80.0,2018-03-25,DC1000
84,81.16700306162694,110.0,2018-03-26,DC1000
85,77.74017473228834,100.0,2018-03-27,DC1000
86,125.72845646487222,140.0,2018-03-28,DC1000
87,79.95675339293253,84.0,2018-03-29,DC1000
88,42.89233068323527,23.0,2018-03-30,DC1000
89,63.669323970269595,95.0,2018-03-31,DC1000
90,63.58474334503386,52.0,2018-04-01,DC1000
91,37.1802451798559,30.0,2018-04-02,DC1000
92,82.86097077037219,91.0,2018-04-03,DC1000
93,122.99354167450802,124.0,2018-04-04,DC1000
94,88.55354989248505,76.0,2018-04-05,DC1000
95,97.91548143244093,81.0,2018-04-06,DC1000
96,64.72224658660997,82.0,2018-04-07,DC1000
97,61.694520133429975,90.0,2018-04-08,DC1000
98,78.72910009356815,116.0,2018-04-09,DC1000
99,71.14638244252319,85.0,2018-04-10,DC1000
100,115.6606251183742,153.0,2018-04-11,DC1000
101,73.12461659171682,87.0,2018-04-12,DC1000
102,87.18119912904604,86.0,2018-04-13,DC1000
103,49.58522779384363,72.0,2018-04-14,DC1000
104,43.740611850383,51.0,2018-04-15,DC1000
105,86.74590662164125,74.0,2018-04-16,DC1000
106,87.64696977362611,102.0,2018-04-17,DC1000
107,126.68823478048591,135.0,2018-04-18,DC1000
108,86.81330589524842,97.0,2018-04-19,DC1000
109,97.18822415740931,107.0,2018-04-20,DC1000
110,66.9734830857373,76.0,2018-04-21,DC1000
111,62.42913663466256,78.0,2018-04-22,DC1000
112,84.24434057417115,71.0,2018-04-23,DC1000
113,82.72040314267697,96.0,2018-04-24,DC1000
114,123.96575325432651,149.0,2018-04-25,DC1000
115,87.25742019620682,97.0,2018-04-26,DC1000
116,103.92524471111919,111.0,2018-04-27,DC1000
117,69.18763616032014,73.0,2018-04-28,DC1000
118,60.221665850465726,78.0,2018-04-29,DC1000
119,90.35246426035371,95.0,2018-04-30,DC1000
120,86.54991182519865,102.0,2018-05-01,DC1000
121,127.81149264026209,151.0,2018-05-02,DC1000
122,90.70848224526053,106.0,2018-05-03,DC1000
123,103.57661297383082,104.0,2018-05-04,DC1000
124,66.80925576169618,84.0,2018-05-05,DC1000
125,63.334157574523076,86.0,2018-05-06,DC1000
126,98.37370801301107,100.0,2018-05-07,DC1000
127,92.25545079524815,96.0,2018-05-08,DC1000
128,132.43058163509056,140.0,2018-05-09,DC1000
129,96.0575458081668,99.0,2018-05-10,DC1000
130,105.66870947244905,103.0,2018-05-11,DC1000
131,67.57427563880525,87.0,2018-05-12,DC1000
132,64.63943400245084,111.0,2018-05-13,DC1000
133,82.50286223092404,109.0,2018-05-14,DC1000
134,73.50946709916651,73.0,2018-05-15,DC1000
135,116.8031512737764,143.0,2018-05-16,DC1000
136,84.86332183793417,109.0,2018-05-17,DC1000
137,91.69713517816523,131.0,2018-05-18,DC1000
138,57.96748954064653,70.0,2018-05-19,DC1000
139,60.546635966335465,55.0,2018-05-20,DC1000
140,30.345803820771852,28.0,2018-05-21,DC1000
141,73.252956225495,109.0,2018-05-22,DC1000
142,118.7235800091159,136.0,2018-05-23,DC1000
143,84.26758972504709,110.0,2018-05-24,DC1000
144,95.54651186487473,85.0,2018-05-25,DC1000
145,64.50108547243501,74.0,2018-05-26,DC1000
146,60.5415003544496,74.0,2018-05-27,DC1000
147,90.95186256640669,98.0,2018-05-28,DC1000
148,77.54451231389494,102.0,2018-05-29,DC1000
149,116.90569421256865,116.0,2018-05-30,DC1000
150,80.49834236790072,78.0,2018-05-31,DC1000
151,98.22503969045492,102.0,2018-06-01,DC1000
152,62.41010897286198,80.0,2018-06-02,DC1000
153,61.727022153413465,54.0,2018-06-03,DC1000
154,88.72020557431652,77.0,2018-06-04,DC1000
155,79.88394142512702,85.0,2018-06-05,DC1000
156,120.90463037556522,143.0,2018-06-06,DC1000
157,82.66082538861615,101.0,2018-06-07,DC1000
158,95.65726533127894,94.0,2018-06-08,DC1000
159,62.14757826858345,69.0,2018-06-09,DC1000
160,66.08547594257193,72.0,2018-06-10,DC1000
161,84.95425553166082,101.0,2018-06-11,DC1000
162,82.33472846916109,93.0,2018-06-12,DC1000
163,118.94535426462522,141.0,2018-06-13,DC1000
164,85.34795004158717,75.0,2018-06-14,DC1000
165,90.78813095972895,161.0,2018-06-15,DC1000
166,60.634626440128116,100.0,2018-06-16,DC1000
167,60.584309695684844,106.0,2018-06-17,DC1000
168,86.99329872627213,83.0,2018-06-18,DC1000
169,76.12182798641548,93.0,2018-06-19,DC1000
170,121.06990544876415,156.0,2018-06-20,DC1000
171,84.67896998981088,95.0,2018-06-21,DC1000
172,97.94413758825287,106.0,2018-06-22,DC1000
173,54.048628646183865,85.0,2018-06-23,DC1000
174,58.68720050494592,76.0,2018-06-24,DC1000
175,77.20167584711574,92.0,2018-06-25,DC1000
176,78.70598869658961,112.0,2018-06-26,DC1000
177,119.85462726686434,140.0,2018-06-27,DC1000
178,81.43294129305892,122.0,2018-06-28,DC1000
179,91.75008554036522,129.0,2018-06-29,DC1000
180,53.26582319538856,86.0,2018-06-30,DC1000
181,48.19468980859891,40.0,2018-07-01,DC1000
182,38.83820736973677,18.0,2018-07-02,DC1000
183,78.87716244559736,80.0,2018-07-03,DC1000
184,118.7877770564103,111.0,2018-07-04,DC1000
185,83.76055509799572,110.0,2018-07-05,DC1000
186,94.26486847285824,133.0,2018-07-06,DC1000
187,65.6170249360015,102.0,2018-07-07,DC1000
188,61.971646229430284,86.0,2018-07-08,DC1000
189,92.27550504856836,105.0,2018-07-09,DC1000
190,79.99647476415893,91.0,2018-07-10,DC1000
191,119.120683552473,128.0,2018-07-11,DC1000
192,81.6709336028111,128.0,2018-07-12,DC1000
193,94.03962021691878,143.0,2018-07-13,DC1000
194,65.41017994141656,103.0,2018-07-14,DC1000
195,60.7160747302412,92.0,2018-07-15,DC1000
196,75.45015048164177,102.0,2018-07-16,DC1000
197,70.68260476920585,95.0,2018-07-17,DC1000
198,112.66827739620899,67.0,2018-07-18,DC1000
199,74.87640414307627,72.0,2018-07-19,DC1000
200,91.19668918342413,106.0,2018-07-20,DC1000
201,63.03931894536059,85.0,2018-07-21,DC1000
202,62.677889124396096,66.0,2018-07-22,DC1000
203,77.16408440329793,99.0,2018-07-23,DC1000
204,70.7684503147673,86.0,2018-07-24,DC1000
205,111.30215101581358,84.0,2018-07-25,DC1000
206,77.21286115443333,91.0,2018-07-26,DC1000
207,90.20961204239602,91.0,2018-07-27,DC1000
208,62.200919610580044,74.0,2018-07-28,DC1000
209,56.30567034741264,79.0,2018-07-29,DC1000
210,69.83464593070012,70.0,2018-07-30,DC1000
211,64.62154622232599,98.0,2018-07-31,DC1000
212,109.42796935040272,72.0,2018-08-01,DC1000
213,75.60466779944309,80.0,2018-08-02,DC1000
214,84.80811853842913,118.0,2018-08-03,DC1000
215,57.403305760045,66.0,2018-08-04,DC1000
216,58.330215176698964,62.0,2018-08-05,DC1000
217,39.62101718268907,38.0,2018-08-06,DC1000
218,72.12491633319833,107.0,2018-08-07,DC1000
219,111.54753109854497,132.0,2018-08-08,DC1000
220,71.91559073005733,104.0,2018-08-09,DC1000
221,88.3683306797859,118.0,2018-08-10,DC1000
222,59.792661947559864,73.0,2018-08-11,DC1000
223,57.05085383408521,56.0,2018-08-12,DC1000
224,78.3797930580986,109.0,2018-08-13,DC1000
225,70.87726058550847,73.0,2018-08-14,DC1000
226,104.83474687695765,97.0,2018-08-15,DC1000
227,76.75409983583525,111.0,2018-08-16,DC1000
228,92.64985619712276,136.0,2018-08-17,DC1000
229,65.6380767232137,87.0,2018-08-18,DC1000
230,59.06165305678808,71.0,2018-08-19,DC1000
231,76.84058964728719,92.0,2018-08-20,DC1000
232,73.17066895452254,124.0,2018-08-21,DC1000
233,111.75356234899375,108.0,2018-08-22,DC1000
234,71.64478170421758,113.0,2018-08-23,DC1000
235,84.96180736750973,115.0,2018-08-24,DC1000
236,57.26849753179387,85.0,2018-08-25,DC1000
237,60.79923965081049,83.0,2018-08-26,DC1000
238,83.4547277390531,116.0,2018-08-27,DC1000
239,82.17118517781849,106.0,2018-08-28,DC1000
240,119.57220110662438,103.0,2018-08-29,DC1000
241,81.21490698123766,103.0,2018-08-30,DC1000
242,92.97480894002676,137.0,2018-08-31,DC1000
243,63.411303861303814,92.0,2018-09-01,DC1000
244,64.05000602833253,58.0,2018-09-02,DC1000
245,37.87298023025802,27.0,2018-09-03,DC1000
246,72.2761430747819,118.0,2018-09-04,DC1000
247,113.33887708491436,165.0,2018-09-05,DC1000
248,76.29399177332,123.0,2018-09-06,DC1000
249,88.07713379293341,106.0,2018-09-07,DC1000
250,58.72922207452253,68.0,2018-09-08,DC1000
251,54.11667767490219,76.0,2018-09-09,DC1000
252,84.93798822620408,148.0,2018-09-10,DC1000
253,77.429991722114,91.0,2018-09-11,DC1000
254,116.92229844390431,141.0,2018-09-12,DC1000
255,77.94640192850241,112.0,2018-09-13,DC1000
256,92.67511018303884,118.0,2018-09-14,DC1000
257,59.166208958061716,80.0,2018-09-15,DC1000
258,58.94740534804593,70.0,2018-09-16,DC1000
259,89.2306906638623,92.0,2018-09-17,DC1000
260,81.17023053601461,105.0,2018-09-18,DC1000
261,116.15678738600634,155.0,2018-09-19,DC1000
262,86.72340972478175,149.0,2018-09-20,DC1000
263,97.75446894654428,177.0,2018-09-21,DC1000
264,69.51947357095052,99.0,2018-09-22,DC1000
265,62.308866771427496,89.0,2018-09-23,DC1000
266,92.39297255268335,106.0,2018-09-24,DC1000
267,79.81085954016366,111.0,2018-09-25,DC1000
268,126.24418532808576,142.0,2018-09-26,DC1000
269,89.78817581485521,128.0,2018-09-27,DC1000
270,102.2511436932978,141.0,2018-09-28,DC1000
271,65.42722567564569,79.0,2018-09-29,DC1000
272,63.39317753622346,97.0,2018-09-30,DC1000
273,90.16652222115208,116.0,2018-10-01,DC1000
274,86.43985118339288,119.0,2018-10-02,DC1000
275,121.96097430735293,123.0,2018-10-03,DC1000
276,83.48372884280543,96.0,2018-10-04,DC1000
277,101.15394639772371,127.0,2018-10-05,DC1000
278,64.36357345798744,71.0,2018-10-06,DC1000
279,61.12893811495782,59.0,2018-10-07,DC1000
280,26.65273460483316,16.0,2018-10-08,DC1000
281,70.66342893255434,77.0,2018-10-09,DC1000
282,115.43662562233114,146.0,2018-10-10,DC1000
283,71.26816117315464,89.0,2018-10-11,DC1000
284,87.9173837816668,83.0,2018-10-12,DC1000
285,52.80377833897295,83.0,2018-10-13,DC1000
286,50.94776664041778,77.0,2018-10-14,DC1000
287,72.31430436539131,96.0,2018-10-15,DC1000
288,62.293816562233324,106.0,2018-10-16,DC1000
289,110.85826135794493,126.0,2018-10-17,DC1000
290,72.61443121636029,81.0,2018-10-18,DC1000
291,85.89099490242937,116.0,2018-10-19,DC1000
292,55.678074757448705,78.0,2018-10-20,DC1000
293,49.39009337535511,99.0,2018-10-21,DC1000
294,86.34010433351501,107.0,2018-10-22,DC1000
295,73.99207701528299,82.0,2018-10-23,DC1000
296,120.74442180280869,141.0,2018-10-24,DC1000
297,80.62617094077831,131.0,2018-10-25,DC1000
298,95.44766739821505,137.0,2018-10-26,DC1000
299,69.19729364582359,68.0,2018-10-27,DC1000
300,65.37583550376213,84.0,2018-10-28,DC1000
301,90.04264743149426,96.0,2018-10-29,DC1000
302,78.87466370972477,90.0,2018-10-30,DC1000
303,113.83868735985952,122.0,2018-10-31,DC1000
304,75.54214512114108,92.0,2018-11-01,DC1000
305,90.54651876421332,86.0,2018-11-02,DC1000
306,58.204473326466506,57.0,2018-11-03,DC1000
307,54.30336906284681,67.0,2018-11-04,DC1000
308,83.68945828844447,79.0,2018-11-05,DC1000
309,70.56161376257428,57.0,2018-11-06,DC1000
310,113.43944831391964,124.0,2018-11-07,DC1000
311,76.69064346860856,92.0,2018-11-08,DC1000
312,85.83202159853846,123.0,2018-11-09,DC1000
313,56.849228369506825,38.0,2018-11-10,DC1000
314,48.353790878198325,18.0,2018-11-11,DC1000
315,25.75021519389323,39.0,2018-11-12,DC1000
316,68.70687813586386,78.0,2018-11-13,DC1000
317,115.03801335460314,119.0,2018-11-14,DC1000
318,71.73372759991959,77.0,2018-11-15,DC1000
319,87.59772305636757,94.0,2018-11-16,DC1000
320,61.743346311203744,57.0,2018-11-17,DC1000
321,57.897711503747495,48.0,2018-11-18,DC1000
322,80.92058921000917,63.0,2018-11-19,DC1000
323,75.0167219861324,96.0,2018-11-20,DC1000
324,115.71786709090419,142.0,2018-11-21,DC1000
325,79.70052336686548,114.0,2018-11-22,DC1000
326,92.68476012919687,101.0,2018-11-23,DC1000
327,59.26748149108197,93.0,2018-11-24,DC1000
328,60.056602131552545,64.0,2018-11-25,DC1000
329,89.36740386836809,89.0,2018-11-26,DC1000
330,86.18274590428804,78.0,2018-11-27,DC1000
331,129.5229064358727,121.0,2018-11-28,DC1000
332,87.9512836532721,80.0,2018-11-29,DC1000
333,91.76011482693424,119.0,2018-11-30,DC1000
334,54.252057680214214,86.0,2018-12-01,DC1000
335,54.03911239675368,80.0,2018-12-02,DC1000
336,92.4641563119129,91.0,2018-12-03,DC1000
337,81.72216425484588,85.0,2018-12-04,DC1000
338,120.46965867767729,110.0,2018-12-05,DC1000
339,86.82475749506645,93.0,2018-12-06,DC1000
340,98.12377566492806,108.0,2018-12-07,DC1000
341,63.76261857283409,84.0,2018-12-08,DC1000
342,59.290981860960905,58.0,2018-12-09,DC1000
343,95.0915277048383,57.0,2018-12-10,DC1000
344,80.4564043361895,76.0,2018-12-11,DC1000
345,123.6470186995316,95.0,2018-12-12,DC1000
346,86.89739306988817,74.0,2018-12-13,DC1000
347,100.18746169729536,133.0,2018-12-14,DC1000
348,65.22531845681242,102.0,2018-12-15,DC1000
349,62.485044158812244,107.0,2018-12-16,DC1000
350,90.64713155427656,89.0,2018-12-17,DC1000
351,82.36279069919415,113.0,2018-12-18,DC1000
352,118.24111236600798,148.0,2018-12-19,DC1000
353,85.67830972659048,102.0,2018-12-20,DC1000
354,96.3991344404619,118.0,2018-12-21,DC1000
355,69.00750223261305,76.0,2018-12-22,DC1000
356,61.82765343515407,109.0,2018-12-23,DC1000
357,56.24200870980636,95.0,2018-12-24,DC1000
358,25.363573113084485,10.0,2018-12-25,DC1000
359,70.05737731750901,28.0,2018-12-26,DC1000
360,59.72758099076602,85.0,2018-12-27,DC1000
361,82.00834238979819,97.0,2018-12-28,DC1000
362,70.58091704370842,84.0,2018-12-29,DC1000
363,63.535934712848366,93.0,2018-12-30,DC1000
364,99.68110269823427,101.0,2018-12-31,DC1000
0,2.8680347471287906,6.0,2018-01-01,DC2A00
1,8.87434830442187,8.0,2018-01-02,DC2A00
2,11.414650388369193,7.0,2018-01-03,DC2A00
3,9.517249325097248,7.0,2018-01-04,DC2A00
4,9.537976554052383,11.0,2018-01-05,DC2A00
5,2.7083654828161965,4.0,2018-01-06,DC2A00
6,2.7087953062121617,1.0,2018-01-07,DC2A00
7,10.34220405899267,11.0,2018-01-08,DC2A00
8,11.323699869027724,7.0,2018-01-09,DC2A00
9,13.626278054184926,6.0,2018-01-10,DC2A00
10,9.35745845572135,9.0,2018-01-11,DC2A00
11,10.551900820652694,9.0,2018-01-12,DC2A00
12,3.889345605721381,3.0,2018-01-13,DC2A00
13,4.307041182928159,5.0,2018-01-14,DC2A00
14,10.750347960162433,12.0,2018-01-15,DC2A00
15,11.220042845978297,10.0,2018-01-16,DC2A00
16,13.178023220766182,12.0,2018-01-17,DC2A00
17,10.242692859304118,10.0,2018-01-18,DC2A00
18,10.058772394552868,12.0,2018-01-19,DC2A00
19,4.235211390100158,6.0,2018-01-20,DC2A00
20,3.9377010353773887,3.0,2018-01-21,DC2A00
21,10.005178514027367,12.0,2018-01-22,DC2A00
22,10.888620898278363,11.0,2018-01-23,DC2A00
23,12.422235086057,6.0,2018-01-24,DC2A00
24,10.670048743491398,6.0,2018-01-25,DC2A00
25,9.903606674885696,9.0,2018-01-26,DC2A00
26,3.6751527498434067,5.0,2018-01-27,DC2A00
27,3.2362150642042957,7.0,2018-01-28,DC2A00
28,8.75489986249313,12.0,2018-01-29,DC2A00
29,9.36325969532738,9.0,2018-01-30,DC2A00
30,10.385988811647225,5.0,2018-01-31,DC2A00
31,9.58081416309256,9.0,2018-02-01,DC2A00
32,8.938426376591316,10.0,2018-02-02,DC2A00
33,3.2686738202634418,1.0,2018-02-03,DC2A00
34,2.2234447595061795,3.0,2018-02-04,DC2A00
35,7.001968231802933,2.0,2018-02-05,DC2A00
36,7.890859620454322,9.0,2018-02-06,DC2A00
37,9.660370458943648,6.0,2018-02-07,DC2A00
38,7.414253304927122,6.0,2018-02-08,DC2A00
39,9.215849589529947,11.0,2018-02-09,DC2A00
40,2.9719193529775363,5.0,2018-02-10,DC2A00
41,1.1901536020979224,1.0,2018-02-11,DC2A00
42,3.169062327814641,0.0,2018-02-12,DC2A00
43,8.220917047546381,3.0,2018-02-13,DC2A00
44,10.876394399295497,8.0,2018-02-14,DC2A00
45,9.475262494986511,3.0,2018-02-15,DC2A00
46,8.957042462755162,7.0,2018-02-16,DC2A00
47,3.0227719836404545,3.0,2018-02-17,DC2A00
48,2.935368296623557,5.0,2018-02-18,DC2A00
49,8.420319105284289,6.0,2018-02-19,DC2A00
50,9.127775466853489,6.0,2018-02-20,DC2A00
51,11.146069010368397,9.0,2018-02-21,DC2A00
52,10.32163232290339,10.0,2018-02-22,DC2A00
53,10.320355608554415,12.0,2018-02-23,DC2A00
54,4.036240581225732,3.0,2018-02-24,DC2A00
55,4.209580181154567,1.0,2018-02-25,DC2A00
56,10.502127034957942,8.0,2018-02-26,DC2A00
57,11.332224899418616,5.0,2018-02-27,DC2A00
58,12.873665923258276,17.0,2018-02-28,DC2A00
59,9.156794428094237,6.0,2018-03-01,DC2A00
60,9.268789875150324,6.0,2018-03-02,DC2A00
61,2.9113539905938977,1.0,2018-03-03,DC2A00
62,1.8730117361825247,0.0,2018-03-04,DC2A00
63,8.821020244221476,7.0,2018-03-05,DC2A00
64,8.520255713226423,8.0,2018-03-06,DC2A00
65,10.238453160785657,9.0,2018-03-07,DC2A00
66,9.239097900237349,11.0,2018-03-08,DC2A00
67,9.01208836980586,3.0,2018-03-09,DC2A00
68,3.994611339112149,4.0,2018-03-10,DC2A00
69,2.328908592053335,1.0,2018-03-11,DC2A00
70,5.819048740358165,8.0,2018-03-12,DC2A00
71,7.3429977785355,16.0,2018-03-13,DC2A00
72,8.916899192021248,6.0,2018-03-14,DC2A00
73,7.556553949811843,10.0,2018-03-15,DC2A00
74,7.144744488814232,8.0,2018-03-16,DC2A00
75,1.5228636187624567,3.0,2018-03-17,DC2A00
76,0.7246946696916137,2.0,2018-03-18,DC2A00
77,7.950291698647746,10.0,2018-03-19,DC2A00
78,8.12206071683595,8.0,2018-03-20,DC2A00
79,9.629370789315756,6.0,2018-03-21,DC2A00
80,8.852435447226348,3.0,2018-03-22,DC2A00
81,8.811527028136643,7.0,2018-03-23,DC2A00
82,3.1368184575256484,0.0,2018-03-24,DC2A00
83,3.72721603737468,5.0,2018-03-25,DC2A00
84,8.177099009090718,7.0,2018-03-26,DC2A00
85,8.770816930544362,7.0,2018-03-27,DC2A00
86,10.493575211201394,8.0,2018-03-28,DC2A00
87,6.4651408231554335,5.0,2018-03-29,DC2A00
88,1.9270802886992133,0.0,2018-03-30,DC2A00
89,0.6091820313284587,4.0,2018-03-31,DC2A00
90,1.7952758089013665,0.0,2018-04-01,DC2A00
91,3.901237103293649,2.0,2018-04-02,DC2A00
92,10.96941295142057,7.0,2018-04-03,DC2A00
93,12.379641062920154,10.0,2018-04-04,DC2A00
94,10.393594413073627,8.0,2018-04-05,DC2A00
95,8.145458313500638,4.0,2018-04-06,DC2A00
96,3.7239554759031073,0.0,2018-04-07,DC2A00
97,3.2978651229048923,1.0,2018-04-08,DC2A00
98,6.946495237588322,3.0,2018-04-09,DC2A00
99,8.159273620508063,7.0,2018-04-10,DC2A00
100,9.250395622048305,9.0,2018-04-11,DC2A00
101,6.536912261376263,8.0,2018-04-12,DC2A00
102,7.132010556165798,4.0,2018-04-13,DC2A00
103,1.3162424806437598,1.0,2018-04-14,DC2A00
104,1.851227593706728,0.0,2018-04-15,DC2A00
105,8.180023681430846,3.0,2018-04-16,DC2A00
106,10.076549761767511,6.0,2018-04-17,DC2A00
107,10.651902148895953,7.0,2018-04-18,DC2A00
108,7.265649135661051,4.0,2018-04-19,DC2A00
109,8.657518879214898,2.0,2018-04-20,DC2A00
110,2.3039210949191467,0.0,2018-04-21,DC2A00
111,3.5349303713491724,0.0,2018-04-22,DC2A00
112,8.83258646712168,5.0,2018-04-23,DC2A00
113,9.456582662483148,8.0,2018-04-24,DC2A00
114,12.328521831799588,13.0,2018-04-25,DC2A00
115,8.650488489361013,1.0,2018-04-26,DC2A00
116,9.545734785461716,10.0,2018-04-27,DC2A00
117,3.6385788549114766,2.0,2018-04-28,DC2A00
118,1.6637259444002526,5.0,2018-04-29,DC2A00
119,8.231650931805,9.0,2018-04-30,DC2A00
120,9.104128912699696,8.0,2018-05-01,DC2A00
121,11.09381048924316,10.0,2018-05-02,DC2A00
122,8.575022370985867,6.0,2018-05-03,DC2A00
123,7.639014573456429,6.0,2018-05-04,DC2A00
124,2.5284207196917703,4.0,2018-05-05,DC2A00
125,1.7432421646721237,6.0,2018-05-06,DC2A00
126,6.822301690171965,7.0,2018-05-07,DC2A00
127,9.167099496652263,13.0,2018-05-08,DC2A00
128,10.345688803436065,9.0,2018-05-09,DC2A00
129,8.427821686862055,10.0,2018-05-10,DC2A00
130,8.195442635905273,12.0,2018-05-11,DC2A00
131,1.831614907697636,0.0,2018-05-12,DC2A00
132,1.4529303994052265,1.0,2018-05-13,DC2A00
133,8.164476499392903,10.0,2018-05-14,DC2A00
134,9.577791397467596,7.0,2018-05-15,DC2A00
135,10.923163260608812,7.0,2018-05-16,DC2A00
136,8.843586641119801,3.0,2018-05-17,DC2A00
137,9.243322465234645,8.0,2018-05-18,DC2A00
138,2.524644048329046,3.0,2018-05-19,DC2A00
139,2.4401289172858807,1.0,2018-05-20,DC2A00
140,2.4982197338313163,2.0,2018-05-21,DC2A00
141,9.103519412490671,9.0,2018-05-22,DC2A00
142,11.45249172107563,10.0,2018-05-23,DC2A00
143,9.150091374151977,8.0,2018-05-24,DC2A00
144,9.21839304522965,5.0,2018-05-25,DC2A00
145,2.878530588230406,3.0,2018-05-26,DC2A00
146,2.9007607323708235,1.0,2018-05-27,DC2A00
147,9.408149354208232,8.0,2018-05-28,DC2A00
148,9.601587798619402,4.0,2018-05-29,DC2A00
149,10.287139159983584,6.0,2018-05-30,DC2A00
150,7.363329050458423,3.0,2018-05-31,DC2A00
151,9.764013488528237,9.0,2018-06-01,DC2A00
152,3.662818437186647,3.0,2018-06-02,DC2A00
153,3.3130998779824896,1.0,2018-06-03,DC2A00
154,8.200262339835891,10.0,2018-06-04,DC2A00
155,9.695579253918993,9.0,2018-06-05,DC2A00
156,11.221828932438008,4.0,2018-06-06,DC2A00
157,8.803570816107644,12.0,2018-06-07,DC2A00
158,10.353324892135248,8.0,2018-06-08,DC2A00
159,4.113363785459239,1.0,2018-06-09,DC2A00
160,3.8505862200638266,2.0,2018-06-10,DC2A00
161,8.310173693549402,9.0,2018-06-11,DC2A00
162,10.225012659464957,15.0,2018-06-12,DC2A00
163,10.97377623353674,11.0,2018-06-13,DC2A00
164,9.708546554007276,7.0,2018-06-14,DC2A00
165,9.686472760194796,8.0,2018-06-15,DC2A00
166,3.649289243073485,0.0,2018-06-16,DC2A00
167,2.9404125940175097,1.0,2018-06-17,DC2A00
168,8.163149581164891,9.0,2018-06-18,DC2A00
169,8.52221777917522,7.0,2018-06-19,DC2A00
170,10.518890983949932,21.0,2018-06-20,DC2A00
171,8.767637861171405,13.0,2018-06-21,DC2A00
172,9.076234957402724,8.0,2018-06-22,DC2A00
173,2.645755867410037,0.0,2018-06-23,DC2A00
174,2.0025398308963704,2.0,2018-06-24,DC2A00
175,10.829430914665227,7.0,2018-06-25,DC2A00
176,10.60040377709085,12.0,2018-06-26,DC2A00
177,13.488943402848813,13.0,2018-06-27,DC2A00
178,10.100864613963713,8.0,2018-06-28,DC2A00
179,9.431117529498927,12.0,2018-06-29,DC2A00
180,3.471931377645642,0.0,2018-06-30,DC2A00
181,1.643344559865611,1.0,2018-07-01,DC2A00
182,2.6431004031115246,0.0,2018-07-02,DC2A00
183,8.783631624037245,4.0,2018-07-03,DC2A00
184,10.558265960349267,4.0,2018-07-04,DC2A00
185,8.212785467779948,9.0,2018-07-05,DC2A00
186,7.071121951962018,4.0,2018-07-06,DC2A00
187,2.90684728218972,2.0,2018-07-07,DC2A00
188,2.6021420031669087,3.0,2018-07-08,DC2A00
189,8.333934233218956,7.0,2018-07-09,DC2A00
190,9.692128633028982,4.0,2018-07-10,DC2A00
191,10.073288074148856,7.0,2018-07-11,DC2A00
192,8.427725971545659,12.0,2018-07-12,DC2A00
193,8.693411950639586,3.0,2018-07-13,DC2A00
194,3.4620637457883663,1.0,2018-07-14,DC2A00
195,3.4932745621929304,3.0,2018-07-15,DC2A00
196,5.413675635897762,7.0,2018-07-16,DC2A00
197,7.0198832070231125,7.0,2018-07-17,DC2A00
198,8.126583946862759,3.0,2018-07-18,DC2A00
199,6.189119110254178,6.0,2018-07-19,DC2A00
200,5.961844159507476,10.0,2018-07-20,DC2A00
201,1.0939122186614272,2.0,2018-07-21,DC2A00
202,1.8110489123525289,3.0,2018-07-22,DC2A00
203,7.8715322548877955,11.0,2018-07-23,DC2A00
204,8.584373060167412,7.0,2018-07-24,DC2A00
205,11.072501088335418,12.0,2018-07-25,DC2A00
206,8.392743871529177,9.0,2018-07-26,DC2A00
207,8.323615981884771,9.0,2018-07-27,DC2A00
208,3.304156063072868,1.0,2018-07-28,DC2A00
209,2.38243187570714,2.0,2018-07-29,DC2A00
210,4.811818057078508,4.0,2018-07-30,DC2A00
211,5.049751698384119,6.0,2018-07-31,DC2A00
212,9.74831057028952,12.0,2018-08-01,DC2A00
213,8.150568387723817,4.0,2018-08-02,DC2A00
214,8.551749313909975,10.0,2018-08-03,DC2A00
215,1.7628132618032026,1.0,2018-08-04,DC2A00
216,2.0476716869979756,2.0,2018-08-05,DC2A00
217,2.2099112661248657,0.0,2018-08-06,DC2A00
218,7.388701935200576,11.0,2018-08-07,DC2A00
219,9.375017441524458,12.0,2018-08-08,DC2A00
220,8.670629895807714,6.0,2018-08-09,DC2A00
221,8.382677677127889,10.0,2018-08-10,DC2A00
222,1.6870285755635854,3.0,2018-08-11,DC2A00
223,1.2959417613617874,4.0,2018-08-12,DC2A00
224,6.326738550242995,6.0,2018-08-13,DC2A00
225,8.974485484019619,7.0,2018-08-14,DC2A00
226,11.631430687360199,8.0,2018-08-15,DC2A00
227,7.650725762062776,6.0,2018-08-16,DC2A00
228,8.761328065592497,10.0,2018-08-17,DC2A00
229,2.588720887405336,2.0,2018-08-18,DC2A00
230,2.259348955573649,2.0,2018-08-19,DC2A00
231,7.259228536511091,8.0,2018-08-20,DC2A00
232,7.482906216515233,8.0,2018-08-21,DC2A00
233,11.379929764446384,5.0,2018-08-22,DC2A00
234,8.266424156916413,8.0,2018-08-23,DC2A00
235,8.194880693161824,5.0,2018-08-24,DC2A00
236,3.2114790776661053,3.0,2018-08-25,DC2A00
237,2.1904092222180718,2.0,2018-08-26,DC2A00
238,9.10222522920996,6.0,2018-08-27,DC2A00
239,9.035071701076557,9.0,2018-08-28,DC2A00
240,9.412479162697519,14.0,2018-08-29,DC2A00
241,6.460642077505576,9.0,2018-08-30,DC2A00
242,7.0825491829082665,10.0,2018-08-31,DC2A00
243,2.7415311454410585,2.0,2018-09-01,DC2A00
244,2.144664692707373,1.0,2018-09-02,DC2A00
245,2.777189812347532,0.0,2018-09-03,DC2A00
246,7.4153443133085,7.0,2018-09-04,DC2A00
247,8.96823035124956,9.0,2018-09-05,DC2A00
248,6.907684228393048,9.0,2018-09-06,DC2A00
249,8.773005483295773,9.0,2018-09-07,DC2A00
250,2.2460207736551707,3.0,2018-09-08,DC2A00
251,2.6864552628050427,1.0,2018-09-09,DC2A00
252,8.60803558023693,10.0,2018-09-10,DC2A00
253,7.597714646916223,10.0,2018-09-11,DC2A00
254,9.924445131497322,9.0,2018-09-12,DC2A00
255,7.133511600150966,12.0,2018-09-13,DC2A00
256,8.187208770897968,15.0,2018-09-14,DC2A00
257,3.0061146666194154,1.0,2018-09-15,DC2A00
258,1.8703295175040269,0.0,2018-09-16,DC2A00
259,7.852780680009348,8.0,2018-09-17,DC2A00
260,8.103562237970861,11.0,2018-09-18,DC2A00
261,9.498819713291669,9.0,2018-09-19,DC2A00
262,7.5545963292023,13.0,2018-09-20,DC2A00
263,8.333653952795535,14.0,2018-09-21,DC2A00
264,3.3776454815483863,3.0,2018-09-22,DC2A00
265,2.9928729864919728,2.0,2018-09-23,DC2A00
266,8.243168410488915,8.0,2018-09-24,DC2A00
267,10.117436985341431,5.0,2018-09-25,DC2A00
268,9.778203036272117,13.0,2018-09-26,DC2A00
269,8.051871802625046,11.0,2018-09-27,DC2A00
270,9.145335312348305,5.0,2018-09-28,DC2A00
271,2.6391990534916863,0.0,2018-09-29,DC2A00
272,2.1189866070219012,1.0,2018-09-30,DC2A00
273,8.016111760524371,7.0,2018-10-01,DC2A00
274,8.11829131277895,3.0,2018-10-02,DC2A00
275,10.13616037909732,8.0,2018-10-03,DC2A00
276,7.664951894120599,8.0,2018-10-04,DC2A00
277,8.218227670682136,1.0,2018-10-05,DC2A00
278,1.195820421959095,2.0,2018-10-06,DC2A00
279,1.2237156380381722,3.0,2018-10-07,DC2A00
280,1.5043838107599872,1.0,2018-10-08,DC2A00
281,6.630633101747804,5.0,2018-10-09,DC2A00
282,8.526429200995334,8.0,2018-10-10,DC2A00
283,6.487192909426095,10.0,2018-10-11,DC2A00
284,7.203262066883389,5.0,2018-10-12,DC2A00
285,1.5640281605604804,2.0,2018-10-13,DC2A00
286,1.4218219623260293,2.0,2018-10-14,DC2A00
287,8.608110085094054,11.0,2018-10-15,DC2A00
288,8.77214886805314,7.0,2018-10-16,DC2A00
289,10.096112414635867,7.0,2018-10-17,DC2A00
290,8.375075199158571,5.0,2018-10-18,DC2A00
291,8.95003608106364,14.0,2018-10-19,DC2A00
292,1.593457396373133,1.0,2018-10-20,DC2A00
293,1.6258141230519427,1.0,2018-10-21,DC2A00
294,6.580906481945782,6.0,2018-10-22,DC2A00
295,7.913815683930085,6.0,2018-10-23,DC2A00
296,10.452545758206503,14.0,2018-10-24,DC2A00
297,8.616693845834183,7.0,2018-10-25,DC2A00
298,6.715939915058932,8.0,2018-10-26,DC2A00
299,1.0032137521775517,3.0,2018-10-27,DC2A00
300,0.7837831915271445,1.0,2018-10-28,DC2A00
301,7.681709568726622,10.0,2018-10-29,DC2A00
302,7.91025395579296,4.0,2018-10-30,DC2A00
303,9.300263211614602,6.0,2018-10-31,DC2A00
304,5.554171832580936,9.0,2018-11-01,DC2A00
305,6.875869766574098,4.0,2018-11-02,DC2A00
306,1.3536422294985042,0.0,2018-11-03,DC2A00
307,0.0,1.0,2018-11-04,DC2A00
308,7.222146333165697,8.0,2018-11-05,DC2A00
309,7.113317266434116,6.0,2018-11-06,DC2A00
310,8.827474961686388,8.0,2018-11-07,DC2A00
311,6.309842374159593,8.0,2018-11-08,DC2A00
312,7.166315957072668,5.0,2018-11-09,DC2A00
313,2.383174877140536,0.0,2018-11-10,DC2A00
314,1.250933958888826,1.0,2018-11-11,DC2A00
315,1.7344308722174144,1.0,2018-11-12,DC2A00
316,6.969977889394054,6.0,2018-11-13,DC2A00
317,8.898061499967184,4.0,2018-11-14,DC2A00
318,7.192563644961048,8.0,2018-11-15,DC2A00
319,8.489370590548045,8.0,2018-11-16,DC2A00
320,2.7732153852151944,0.0,2018-11-17,DC2A00
321,1.9285824270360983,1.0,2018-11-18,DC2A00
322,7.115455038064683,6.0,2018-11-19,DC2A00
323,8.182224753334967,7.0,2018-11-20,DC2A00
324,8.950452802843976,8.0,2018-11-21,DC2A00
325,7.855804144720466,7.0,2018-11-22,DC2A00
326,8.369804470424997,9.0,2018-11-23,DC2A00
327,1.7514971534133703,2.0,2018-11-24,DC2A00
328,2.1324048788688788,1.0,2018-11-25,DC2A00
329,8.730833757260196,8.0,2018-11-26,DC2A00
330,8.994517909013323,6.0,2018-11-27,DC2A00
331,11.608489041313392,21.0,2018-11-28,DC2A00
332,7.929286931723151,7.0,2018-11-29,DC2A00
333,8.859880291835132,8.0,2018-11-30,DC2A00
334,2.3812339009442858,3.0,2018-12-01,DC2A00
335,0.95540874648698,1.0,2018-12-02,DC2A00
336,6.3759759119724855,6.0,2018-12-03,DC2A00
337,7.225731392166865,8.0,2018-12-04,DC2A00
338,9.315346053244,7.0,2018-12-05,DC2A00
339,6.462385619303966,4.0,2018-12-06,DC2A00
340,8.700311612252346,6.0,2018-12-07,DC2A00
341,2.785834396762476,3.0,2018-12-08,DC2A00
342,2.6844268258390764,0.0,2018-12-09,DC2A00
343,9.118292179296512,6.0,2018-12-10,DC2A00
344,8.191827563696544,4.0,2018-12-11,DC2A00
345,9.451319055633627,2.0,2018-12-12,DC2A00
346,8.345087244116325,0.0,2018-12-13,DC2A00
347,8.285219018998921,3.0,2018-12-14,DC2A00
348,2.4929733274003474,1.0,2018-12-15,DC2A00
349,1.725011946513781,2.0,2018-12-16,DC2A00
350,6.4008838513602,5.0,2018-12-17,DC2A00
351,8.38893479974875,4.0,2018-12-18,DC2A00
352,8.366468310402592,10.0,2018-12-19,DC2A00
353,7.882838264173543,11.0,2018-12-20,DC2A00
354,7.183164371151619,7.0,2018-12-21,DC2A00
355,2.4795519015398417,1.0,2018-12-22,DC2A00
356,2.6627344688276904,1.0,2018-12-23,DC2A00
357,5.879900023958465,5.0,2018-12-24,DC2A00
358,4.189969673194477,1.0,2018-12-25,DC2A00
359,4.75374003980393,1.0,2018-12-26,DC2A00
360,6.282298085707683,6.0,2018-12-27,DC2A00
361,6.088303565039428,6.0,2018-12-28,DC2A00
362,1.2922981940402265,2.0,2018-12-29,DC2A00
363,0.5907317090827288,1.0,2018-12-30,DC2A00
364,5.203531474420778,9.0,2018-12-31,DC2A00
0,0.0,1.0,2018-01-01,DC2B00
1,1.8548203806574843,5.0,2018-01-02,DC2B00
2,3.7799164885609216,1.0,2018-01-03,DC2B00
3,1.8085256126741316,0.0,2018-01-04,DC2B00
4,2.6157629208930584,0.0,2018-01-05,DC2B00
5,0.2115983413899076,0.0,2018-01-06,DC2B00
6,0.0,0.0,2018-01-07,DC2B00
7,2.281194097238324,5.0,2018-01-08,DC2B00
8,3.183098977323197,0.0,2018-01-09,DC2B00
9,4.65242164447888,7.0,2018-01-10,DC2B00
10,2.0518448663969315,4.0,2018-01-11,DC2B00
11,2.200726990514116,5.0,2018-01-12,DC2B00
12,0.0,0.0,2018-01-13,DC2B00
13,0.0,0.0,2018-01-14,DC2B00
14,2.8207852391921113,4.0,2018-01-15,DC2B00
15,3.7145147308667057,12.0,2018-01-16,DC2B00
16,5.500166848651795,8.0,2018-01-17,DC2B00
17,2.6669808069600798,3.0,2018-01-18,DC2B00
18,2.8612413986889123,2.0,2018-01-19,DC2B00
19,0.6784501956017024,0.0,2018-01-20,DC2B00
20,0.9126749074587226,0.0,2018-01-21,DC2B00
21,2.941308134273652,4.0,2018-01-22,DC2B00
22,3.9340781229674033,3.0,2018-01-23,DC2B00
23,5.546792391733705,9.0,2018-01-24,DC2B00
24,3.079787729579257,7.0,2018-01-25,DC2B00
25,3.0871200627212327,1.0,2018-01-26,DC2B00
26,0.8869121669913067,1.0,2018-01-27,DC2B00
27,1.137271838628083,0.0,2018-01-28,DC2B00
28,4.4051482402874775,0.0,2018-01-29,DC2B00
29,6.09122304891312,2.0,2018-01-30,DC2B00
30,6.967116718127568,7.0,2018-01-31,DC2B00
31,2.4150310769602075,5.0,2018-02-01,DC2B00
32,2.0585987633455,8.0,2018-02-02,DC2B00
33,0.0,1.0,2018-02-03,DC2B00
34,0.0,1.0,2018-02-04,DC2B00
35,2.9921195506571534,3.0,2018-02-05,DC2B00
36,4.0438478640585265,2.0,2018-02-06,DC2B00
37,5.351689677899136,4.0,2018-02-07,DC2B00
38,2.6983714160418923,5.0,2018-02-08,DC2B00
39,2.8905360473837027,3.0,2018-02-09,DC2B00
40,0.6384583322219899,1.0,2018-02-10,DC2B00
41,0.0,0.0,2018-02-11,DC2B00
42,0.034220525813920544,0.0,2018-02-12,DC2B00
43,3.1594056616815442,5.0,2018-02-13,DC2B00
44,4.657606644559176,4.0,2018-02-14,DC2B00
45,3.0717407870113886,4.0,2018-02-15,DC2B00
46,2.924202900206791,5.0,2018-02-16,DC2B00
47,0.8378171973304538,1.0,2018-02-17,DC2B00
48,0.053916455699117904,1.0,2018-02-18,DC2B00
49,2.3634903689788205,5.0,2018-02-19,DC2B00
50,3.65585453480846,2.0,2018-02-20,DC2B00
51,5.516054494501481,5.0,2018-02-21,DC2B00
52,3.1533269669820116,6.0,2018-02-22,DC2B00
53,3.0063618680927897,5.0,2018-02-23,DC2B00
54,0.8511654549452804,1.0,2018-02-24,DC2B00
55,0.2519649499096383,0.0,2018-02-25,DC2B00
56,2.813815068917477,3.0,2018-02-26,DC2B00
57,4.241094849224547,2.0,2018-02-27,DC2B00
58,5.961477403860727,5.0,2018-02-28,DC2B00
59,2.891069248645365,3.0,2018-03-01,DC2B00
60,2.904493017868846,4.0,2018-03-02,DC2B00
61,0.2711821097964299,1.0,2018-03-03,DC2B00
62,0.5315035454723478,0.0,2018-03-04,DC2B00
63,3.785242312719399,2.0,2018-03-05,DC2B00
64,4.643954607276814,5.0,2018-03-06,DC2B00
65,5.8180011969194725,2.0,2018-03-07,DC2B00
66,3.0769461008491388,4.0,2018-03-08,DC2B00
67,3.410229247957904,3.0,2018-03-09,DC2B00
68,1.1719386274483867,2.0,2018-03-10,DC2B00
69,0.2893653934215165,1.0,2018-03-11,DC2B00
70,2.071937198840337,4.0,2018-03-12,DC2B00
71,2.7691298363894004,6.0,2018-03-13,DC2B00
72,4.4587163629871736,5.0,2018-03-14,DC2B00
73,2.590698456419801,5.0,2018-03-15,DC2B00
74,2.2852073848400547,4.0,2018-03-16,DC2B00
75,0.6172020445483215,1.0,2018-03-17,DC2B00
76,0.0,2.0,2018-03-18,DC2B00
77,1.967154106857444,1.0,2018-03-19,DC2B00
78,3.1446432002784275,3.0,2018-03-20,DC2B00
79,5.071933631182999,4.0,2018-03-21,DC2B00
80,2.7454982814746987,6.0,2018-03-22,DC2B00
81,2.9270118096108355,6.0,2018-03-23,DC2B00
82,0.7951798516960411,1.0,2018-03-24,DC2B00
83,0.1006983615424436,2.0,2018-03-25,DC2B00
84,1.5243407352854843,4.0,2018-03-26,DC2B00
85,2.4396966715413138,4.0,2018-03-27,DC2B00
86,4.516740074675409,4.0,2018-03-28,DC2B00
87,1.5793360759490436,4.0,2018-03-29,DC2B00
88,0.9757835686793954,0.0,2018-03-30,DC2B00
89,0.4998102434095975,0.0,2018-03-31,DC2B00
90,0.5426109880866046,1.0,2018-04-01,DC2B00
91,0.019108312663037863,1.0,2018-04-02,DC2B00
92,2.758939274519649,4.0,2018-04-03,DC2B00
93,5.0759659939322574,6.0,2018-04-04,DC2B00
94,2.955951367672212,4.0,2018-04-05,DC2B00
95,3.266723352956835,1.0,2018-04-06,DC2B00
96,0.9723406113777536,0.0,2018-04-07,DC2B00
97,0.36127313380636333,0.0,2018-04-08,DC2B00
98,2.9911626712103203,4.0,2018-04-09,DC2B00
99,3.9618398173581153,4.0,2018-04-10,DC2B00
100,4.87776429825762,6.0,2018-04-11,DC2B00
101,2.9523040094323805,6.0,2018-04-12,DC2B00
102,2.938447851939515,0.0,2018-04-13,DC2B00
103,0.5967480695071048,1.0,2018-04-14,DC2B00
104,0.6464544080563701,1.0,2018-04-15,DC2B00
105,2.74749720070196,3.0,2018-04-16,DC2B00
106,3.938515642640204,3.0,2018-04-17,DC2B00
107,4.855045619199976,8.0,2018-04-18,DC2B00
108,2.75516704499838,3.0,2018-04-19,DC2B00
109,3.2597286510416366,0.0,2018-04-20,DC2B00
110,1.2384875680583929,1.0,2018-04-21,DC2B00
111,0.9685510209875438,1.0,2018-04-22,DC2B00
112,3.0036813032533467,6.0,2018-04-23,DC2B00
113,3.728515847420109,3.0,2018-04-24,DC2B00
114,4.7666069722335,5.0,2018-04-25,DC2B00
115,2.150677504687102,6.0,2018-04-26,DC2B00
116,3.0164867370139725,3.0,2018-04-27,DC2B00
117,1.244745424607332,2.0,2018-04-28,DC2B00
118,0.3916329342702732,0.0,2018-04-29,DC2B00
119,3.789978605942336,1.0,2018-04-30,DC2B00
120,2.9488176535460164,3.0,2018-05-01,DC2B00
121,4.179760020544887,8.0,2018-05-02,DC2B00
122,2.0931581523014744,6.0,2018-05-03,DC2B00
123,2.368026972688256,3.0,2018-05-04,DC2B00
124,0.6375914609629306,1.0,2018-05-05,DC2B00
125,0.18131925972843368,3.0,2018-05-06,DC2B00
126,3.0839256624613367,2.0,2018-05-07,DC2B00
127,3.478339810196172,2.0,2018-05-08,DC2B00
128,5.121238322368129,10.0,2018-05-09,DC2B00
129,3.192217475046694,1.0,2018-05-10,DC2B00
130,2.6873136342788513,1.0,2018-05-11,DC2B00
131,0.6017960298693829,0.0,2018-05-12,DC2B00
132,0.22947445850339795,0.0,2018-05-13,DC2B00
133,2.8824479855760416,2.0,2018-05-14,DC2B00
134,3.98699059005016,5.0,2018-05-15,DC2B00
135,4.917167354610148,5.0,2018-05-16,DC2B00
136,3.5608433915379973,3.0,2018-05-17,DC2B00
137,2.8370865985185367,4.0,2018-05-18,DC2B00
138,0.8643957230883181,0.0,2018-05-19,DC2B00
139,0.8692516587601677,0.0,2018-05-20,DC2B00
140,1.2705660951233708,0.0,2018-05-21,DC2B00
141,4.412636537315432,5.0,2018-05-22,DC2B00
142,5.721528867983407,10.0,2018-05-23,DC2B00
143,3.920329297817037,1.0,2018-05-24,DC2B00
144,3.636391182061581,2.0,2018-05-25,DC2B00
145,1.1370292073142183,0.0,2018-05-26,DC2B00
146,1.3797703278539704,0.0,2018-05-27,DC2B00
147,2.5962569078070232,2.0,2018-05-28,DC2B00
148,2.8497665417506832,3.0,2018-05-29,DC2B00
149,5.1393676476236845,6.0,2018-05-30,DC2B00
150,2.3101850745218115,1.0,2018-05-31,DC2B00
151,2.572691035252828,5.0,2018-06-01,DC2B00
152,0.0383371726051987,0.0,2018-06-02,DC2B00
153,0.0,0.0,2018-06-03,DC2B00
154,2.4672363772621604,2.0,2018-06-04,DC2B00
155,3.3370896957341314,5.0,2018-06-05,DC2B00
156,4.822986639757957,7.0,2018-06-06,DC2B00
157,2.7467254162174513,7.0,2018-06-07,DC2B00
158,2.6198533150261065,3.0,2018-06-08,DC2B00
159,0.08497774173716433,1.0,2018-06-09,DC2B00
160,0.1668230860654541,1.0,2018-06-10,DC2B00
161,1.9572288807147709,4.0,2018-06-11,DC2B00
162,2.9238615863727624,3.0,2018-06-12,DC2B00
163,4.062906075379728,4.0,2018-06-13,DC2B00
164,2.0208573860481818,6.0,2018-06-14,DC2B00
165,2.5010678058670446,4.0,2018-06-15,DC2B00
166,0.0,0.0,2018-06-16,DC2B00
167,0.12111134738583468,2.0,2018-06-17,DC2B00
168,2.603107652569665,4.0,2018-06-18,DC2B00
169,3.720222872518321,5.0,2018-06-19,DC2B00
170,5.375178495457419,9.0,2018-06-20,DC2B00
171,3.5352719707932327,3.0,2018-06-21,DC2B00
172,3.5664425708460428,0.0,2018-06-22,DC2B00
173,1.2661187280949158,1.0,2018-06-23,DC2B00
174,1.2351308522112827,0.0,2018-06-24,DC2B00
175,3.1573010404859514,2.0,2018-06-25,DC2B00
176,3.5434006662373,2.0,2018-06-26,DC2B00
177,5.451405378056327,4.0,2018-06-27,DC2B00
178,3.870490160017918,3.0,2018-06-28,DC2B00
179,3.0978524449274034,2.0,2018-06-29,DC2B00
180,1.5530442573886782,1.0,2018-06-30,DC2B00
181,1.0916777734938254,0.0,2018-07-01,DC2B00
182,0.0,0.0,2018-07-02,DC2B00
183,2.076490384785658,1.0,2018-07-03,DC2B00
184,4.019417649520007,8.0,2018-07-04,DC2B00
185,1.9883504064415125,1.0,2018-07-05,DC2B00
186,2.365206185486878,2.0,2018-07-06,DC2B00
187,0.037285101833305516,1.0,2018-07-07,DC2B00
188,0.0,0.0,2018-07-08,DC2B00
189,2.865942390728541,2.0,2018-07-09,DC2B00
190,3.834967057503627,2.0,2018-07-10,DC2B00
191,4.632594250840999,6.0,2018-07-11,DC2B00
192,2.59009582503052,6.0,2018-07-12,DC2B00
193,2.6785564478053754,5.0,2018-07-13,DC2B00
194,0.5875819686956439,1.0,2018-07-14,DC2B00
195,0.555070121350179,1.0,2018-07-15,DC2B00
196,2.179811047451344,3.0,2018-07-16,DC2B00
197,3.2772906563912017,2.0,2018-07-17,DC2B00
198,4.283280480952515,4.0,2018-07-18,DC2B00
199,2.0609141548317087,5.0,2018-07-19,DC2B00
200,2.5628506348018383,2.0,2018-07-20,DC2B00
201,0.9577756146478912,0.0,2018-07-21,DC2B00
202,0.7042922757759804,0.0,2018-07-22,DC2B00
203,1.5294622545357166,2.0,2018-07-23,DC2B00
204,2.4617454054217283,2.0,2018-07-24,DC2B00
205,3.7611070912713496,2.0,2018-07-25,DC2B00
206,0.9721901216827784,3.0,2018-07-26,DC2B00
207,1.822388888108001,1.0,2018-07-27,DC2B00
208,0.30769940983879923,0.0,2018-07-28,DC2B00
209,0.0,1.0,2018-07-29,DC2B00
210,2.80570158308752,3.0,2018-07-30,DC2B00
211,3.2577074014144767,4.0,2018-07-31,DC2B00
212,4.130388280741092,4.0,2018-08-01,DC2B00
213,1.860488510502296,2.0,2018-08-02,DC2B00
214,1.8744141168955613,5.0,2018-08-03,DC2B00
215,0.35351058463605983,0.0,2018-08-04,DC2B00
216,0.5516459155820238,0.0,2018-08-05,DC2B00
217,0.0,0.0,2018-08-06,DC2B00
218,2.3661746166104103,5.0,2018-08-07,DC2B00
219,3.4832193469285633,6.0,2018-08-08,DC2B00
220,1.4456946275976996,3.0,2018-08-09,DC2B00
221,1.9640389705349681,5.0,2018-08-10,DC2B00
222,0.0,0.0,2018-08-11,DC2B00
223,0.0,0.0,2018-08-12,DC2B00
224,1.5924505306486252,3.0,2018-08-13,DC2B00
225,2.188454110799471,4.0,2018-08-14,DC2B00
226,4.110585205319525,7.0,2018-08-15,DC2B00
227,1.7451722469233617,4.0,2018-08-16,DC2B00
228,2.4708207652733063,9.0,2018-08-17,DC2B00
229,0.0,0.0,2018-08-18,DC2B00
230,0.0,0.0,2018-08-19,DC2B00
231,1.7570812066378816,3.0,2018-08-20,DC2B00
232,2.79998331073762,1.0,2018-08-21,DC2B00
233,4.285240550739513,4.0,2018-08-22,DC2B00
234,1.8606756706575345,3.0,2018-08-23,DC2B00
235,2.593709216956507,2.0,2018-08-24,DC2B00
236,0.30401201590823096,0.0,2018-08-25,DC2B00
237,0.0,1.0,2018-08-26,DC2B00
238,1.9655099912469989,1.0,2018-08-27,DC2B00
239,3.058754510496852,2.0,2018-08-28,DC2B00
240,3.8161037822106736,3.0,2018-08-29,DC2B00
241,2.4927299910734906,0.0,2018-08-30,DC2B00
242,2.2275018082549662,4.0,2018-08-31,DC2B00
243,0.2773595183341849,1.0,2018-09-01,DC2B00
244,0.0,0.0,2018-09-02,DC2B00
245,0.0,1.0,2018-09-03,DC2B00
246,3.058784091479032,3.0,2018-09-04,DC2B00
247,5.203869015477073,4.0,2018-09-05,DC2B00
248,2.9693470202883314,4.0,2018-09-06,DC2B00
249,3.2511004334767493,2.0,2018-09-07,DC2B00
250,0.3784724801892392,1.0,2018-09-08,DC2B00
251,0.2032712100444503,0.0,2018-09-09,DC2B00
252,3.163163884547941,3.0,2018-09-10,DC2B00
253,3.3630925889377496,5.0,2018-09-11,DC2B00
254,4.794040513469146,5.0,2018-09-12,DC2B00
255,2.4265167216690102,1.0,2018-09-13,DC2B00
256,2.3488826076498768,5.0,2018-09-14,DC2B00
257,0.35175287952002016,0.0,2018-09-15,DC2B00
258,0.0,0.0,2018-09-16,DC2B00
259,3.1818007294821697,2.0,2018-09-17,DC2B00
260,3.322160393929124,3.0,2018-09-18,DC2B00
261,4.995844447165061,6.0,2018-09-19,DC2B00
262,2.840913399755212,6.0,2018-09-20,DC2B00
263,3.6324640729291247,2.0,2018-09-21,DC2B00
264,0.9175642276657484,0.0,2018-09-22,DC2B00
265,0.7615425440127088,1.0,2018-09-23,DC2B00
266,2.7854320571311284,2.0,2018-09-24,DC2B00
267,3.177048582627824,3.0,2018-09-25,DC2B00
268,4.45895052526922,9.0,2018-09-26,DC2B00
269,2.69333817548178,5.0,2018-09-27,DC2B00
270,2.919844226447148,2.0,2018-09-28,DC2B00
271,0.2878276114536498,2.0,2018-09-29,DC2B00
272,0.9170878130416881,0.0,2018-09-30,DC2B00
273,2.7847689016068555,3.0,2018-10-01,DC2B00
274,3.3748393624902056,9.0,2018-10-02,DC2B00
275,4.738128736615738,8.0,2018-10-03,DC2B00
276,2.7104467117662145,4.0,2018-10-04,DC2B00
277,3.2986133093379784,1.0,2018-10-05,DC2B00
278,1.0379055124095231,0.0,2018-10-06,DC2B00
279,0.8321084293339085,1.0,2018-10-07,DC2B00
280,0.6578631088545284,2.0,2018-10-08,DC2B00
281,3.9875332386388,2.0,2018-10-09,DC2B00
282,5.458289386840285,9.0,2018-10-10,DC2B00
283,2.4924999017130154,5.0,2018-10-11,DC2B00
284,2.9992643973590734,4.0,2018-10-12,DC2B00
285,0.43963872114240604,2.0,2018-10-13,DC2B00
286,0.4143404516669704,1.0,2018-10-14,DC2B00
287,3.4912488545152924,3.0,2018-10-15,DC2B00
288,4.0493833760840925,6.0,2018-10-16,DC2B00
289,5.894923496904732,8.0,2018-10-17,DC2B00
290,2.646517526137451,3.0,2018-10-18,DC2B00
291,3.0928057616784104,1.0,2018-10-19,DC2B00
292,1.0469169856840963,1.0,2018-10-20,DC2B00
293,1.3155855442658435,0.0,2018-10-21,DC2B00
294,2.8438390110486425,2.0,2018-10-22,DC2B00
295,3.582741727237422,4.0,2018-10-23,DC2B00
296,5.412553528024928,4.0,2018-10-24,DC2B00
297,2.748058781811093,8.0,2018-10-25,DC2B00
298,2.682068299909404,4.0,2018-10-26,DC2B00
299,0.7001862388999684,2.0,2018-10-27,DC2B00
300,0.9405290576870442,1.0,2018-10-28,DC2B00
301,2.5389708552224084,2.0,2018-10-29,DC2B00
302,4.110308826804871,1.0,2018-10-30,DC2B00
303,4.682160892825116,11.0,2018-10-31,DC2B00
304,2.900478765275976,1.0,2018-11-01,DC2B00
305,2.8388772870540695,2.0,2018-11-02,DC2B00
306,0.6053227835533017,1.0,2018-11-03,DC2B00
307,0.8388344166895418,0.0,2018-11-04,DC2B00
308,2.3622940717035075,2.0,2018-11-05,DC2B00
309,3.2760613247391053,0.0,2018-11-06,DC2B00
310,4.385672532298294,5.0,2018-11-07,DC2B00
311,1.8663144241038456,2.0,2018-11-08,DC2B00
312,2.0078456446276367,3.0,2018-11-09,DC2B00
313,0.20143229146658287,0.0,2018-11-10,DC2B00
314,0.0,0.0,2018-11-11,DC2B00
315,0.0,0.0,2018-11-12,DC2B00
316,2.8379123357766294,2.0,2018-11-13,DC2B00
317,4.441179329194742,6.0,2018-11-14,DC2B00
318,2.5320558549136174,1.0,2018-11-15,DC2B00
319,2.4974078243522277,3.0,2018-11-16,DC2B00
320,0.8042691860057039,0.0,2018-11-17,DC2B00
321,0.04025613851483378,1.0,2018-11-18,DC2B00
322,2.3043544908666767,0.0,2018-11-19,DC2B00
323,3.0091668654565926,2.0,2018-11-20,DC2B00
324,4.875299916256858,4.0,2018-11-21,DC2B00
325,2.6500620528929533,0.0,2018-11-22,DC2B00
326,2.513839736809504,3.0,2018-11-23,DC2B00
327,0.8297271448497529,0.0,2018-11-24,DC2B00
328,0.21326011728349387,0.0,2018-11-25,DC2B00
329,2.525998552634776,3.0,2018-11-26,DC2B00
330,3.6169325144317996,5.0,2018-11-27,DC2B00
331,5.600733762047735,8.0,2018-11-28,DC2B00
332,2.4268927012722297,2.0,2018-11-29,DC2B00
333,3.5207970237451724,4.0,2018-11-30,DC2B00
334,1.4013975017129618,0.0,2018-12-01,DC2B00
335,0.9513212149789696,1.0,2018-12-02,DC2B00
336,2.01535791527761,4.0,2018-12-03,DC2B00
337,3.1628768453759606,0.0,2018-12-04,DC2B00
338,4.942513295400875,5.0,2018-12-05,DC2B00
339,2.5740892490052243,1.0,2018-12-06,DC2B00
340,2.6627356056853606,1.0,2018-12-07,DC2B00
341,0.10109114289538196,0.0,2018-12-08,DC2B00
342,0.11624302376846354,0.0,2018-12-09,DC2B00
343,3.1757656985015346,2.0,2018-12-10,DC2B00
344,3.0891758709066277,3.0,2018-12-11,DC2B00
345,4.982905190320687,5.0,2018-12-12,DC2B00
346,2.568855332863374,0.0,2018-12-13,DC2B00
347,2.6866732301767606,2.0,2018-12-14,DC2B00
348,0.5717984833562018,0.0,2018-12-15,DC2B00
349,0.25029246166210223,0.0,2018-12-16,DC2B00
350,2.6324881515402483,2.0,2018-12-17,DC2B00
351,2.083805873695716,3.0,2018-12-18,DC2B00
352,4.077822025048166,7.0,2018-12-19,DC2B00
353,1.878612714186482,4.0,2018-12-20,DC2B00
354,2.395465711115244,3.0,2018-12-21,DC2B00
355,0.6473096354745423,0.0,2018-12-22,DC2B00
356,0.4235534716862687,1.0,2018-12-23,DC2B00
357,1.7566474748406729,3.0,2018-12-24,DC2B00
358,0.8073603863419504,0.0,2018-12-25,DC2B00
359,2.1178392136094386,0.0,2018-12-26,DC2B00
360,1.4358993564085414,5.0,2018-12-27,DC2B00
361,3.0455169289446484,4.0,2018-12-28,DC2B00
362,1.0299355067150542,0.0,2018-12-29,DC2B00
363,1.430966715207126,1.0,2018-12-30,DC2B00
364,0.0,2.0,2018-12-31,DC2B00
